Workbook

Sheet Form responses 1
A1: Timestamp | B1: Associate Full Name | C1: Associate Business Name | D1: Mobile Number | E1: Email Address | F1: NRIC No. | G1: Date of Birth | H1: Designation | I1: Direct Upline ID | J1: Direct Upline Name | K1: 2nd Upline ID | L1: 2nd Upline Name | M1: Recruiting Manager | N1: Team Name | O1: Payment Method | P1: PayNow Number | Q1: Bank Name | R1: Bank Account Number | S1: Associate Agreement Upload | T1: Join Date | U1: Remarks
A2: 46167.969 | B2: Sylvia Lee Chee Wei | C2: Sylvia Lee | D2: 96671881 | E2: sylvia.lee.cx@gmail.com | F2: S2184892A | G2: 23159 | H2: Sales Director | I2: - | J2: - | K2: - | L2: - | M2: Angeline Teo | N2: Sylvia Lee Division | O2: PayNow | P2: 96671881 | S2: https://drive.google.com/open?id=1gujh1fuun0mm9g3pCZvnEDCZr661DYIL | T2: 46151
A3: 46167.971 | B3: LIM XIONG | C3: VINCENT LIM | D3: 98894508 | E3: petafterlifesg@gmail.com | F3: S8017722D | G3: 29387 | H3: Sales Director | I3: - | J3: - | K3: - | L3: - | M3: Angeline Teo | N3: Vincent Lim Division | O3: PayNow | P3: 98894508 | S3: https://drive.google.com/open?id=1UtyQVf1rOM6IbuGhpaaX88Kyc97qjzOq | T3: 46142
A4: 46167.986 | B4: JENNIFER RK (UMA DEVI RAJA KRISHNAN) | C4: JENNIFER RK | D4: 87422156 | E4: uma.devi.jennifer@gmail.com | F4: S7703318A | G4: 28154 | H4: Sales Consultant | I4: EN0002 | J4: Lim Xiong | K4: - | L4: - | M4: Lim Xiong | N4: Vincent Lim Division | O4: PayNow | P4: 87422156 | S4: https://drive.google.com/open?id=1yVcPH36befd07zcPy71V3SSgeDEZOVvZ | T4: 46148
A5: 46167.99 | B5: LEE JONG SENG | C5: JOHN LEE | D5: 97323288 | E5: johnlee@mobilebellator.com | F5: S6807723J | G5: 24888 | H5: Sales Consultant | I5: EN0002 | J5: Lim Xiong | K5: - | L5: - | M5: Lim Xiong | N5: Vincent Lim Division | O5: PayNow | P5: 97323288 | S5: https://drive.google.com/open?id=1Njsr48-VqLMGg3vsgu3iPKc74cXN8MvU | T5: 46153
A6: 46167.993 | B6: LIM WAI LEE | D6: 82001390 | E6: limwailee8200@gmail.com | F6: S7013454C | G6: 28972 | H6: Sales Consultant | I6: EN0002 | J6: Lim Xiong | K6: - | L6: - | M6: Lim Xiong | N6: Vincent Lim Division | O6: PayNow | P6: 82001390 | S6: https://drive.google.com/open?id=1KDRY9oN7sPlD1dAYkllIJ5Uo49IUKI0p | T6: 46144
A7: 46167.994 | B7: Yan Bai Xiang | D7: 87685469 | E7: alexsyanbaixiang@gmail.com | F7: S9019702I | G7: 33028 | H7: Sales Consultant | I7: EN0002 | J7: Lim Xiong | K7: - | L7: - | M7: Lim Xiong | N7: Vincent Lim Division | O7: PayNow | P7: 87685469 | S7: https://drive.google.com/open?id=1HL0OgE2vh2y7OJd7pGOzK2QFJosdWQls | T7: 46155
A8: 46167.996 | B8: Koo Hok Kian | C8: Frances Koo | D8: 92221890 | E8: franceskoohk@gmail.com | F8: S6910693E | G8: 25292 | H8: Sales Manager | I8: EN0001 | J8: Sylvia Lee Chee Wei | K8: - | L8: - | M8: Sylvia Lee Chee Wei | N8: Sylvia Lee Division | O8: PayNow | P8: 92221890 | S8: https://drive.google.com/open?id=12DDMBPrqauU9VdkodY6Gvrz-tc82IGh0 | T8: 46156

Sheet Associate Master
A1: Associate ID | B1: Timestamp | C1: Associate Full Name | D1: Associate Business Name | E1: Mobile Number | F1: Email Address | G1: NRIC No. | H1: Date of Birth | I1: Designation | J1: Direct Upline ID | K1: Direct Upline Name | L1: 2nd Upline ID | M1: 2nd Upline Name | N1: Recruiting Manager | O1: Team Name | P1: Payment Method | Q1: PayNow Number | R1: Bank Name | S1: Bank Account Number | T1: Associate Agreement Upload | U1: Join Date | V1: Remarks | W1: Approval Status | X1: Associate Status
A2: {=IF(C2:C1000<>"","EN"&TEXT(ROW(C2:C1000)-1,"0000"),"")} -> EN0001 | B2: {='Form responses 1'!A2:A1000} -> 46167.969 | C2: {=PROPER('Form responses 1'!B2:B1000)} -> Sylvia Lee Chee Wei | D2: {=PROPER('Form responses 1'!C2:C1000)} -> Sylvia Lee | E2: {='Form responses 1'!D2:D1000} -> 96671881 | F2: {=LOWER('Form responses 1'!E2:E1000)} -> sylvia.lee.cx@gmail.com | G2: {='Form responses 1'!F2:U1000} -> S2184892A | H2: 23159 | I2: Sales Director | J2: - | K2: - | L2: - | M2: - | N2: Angeline Teo | O2: Sylvia Lee Division | P2: PayNow | Q2: 96671881 | T2: https://drive.google.com/open?id=1gujh1fuun0mm9g3pCZvnEDCZr661DYIL | U2: 46151 | W2: Approved | X2: Active
A3: EN0002 | B3: 46167.971 | C3: Lim Xiong | D3: Vincent Lim | E3: 98894508 | F3: petafterlifesg@gmail.com | G3: S8017722D | H3: 29387 | I3: Sales Director | J3: - | K3: - | L3: - | M3: - | N3: Angeline Teo | O3: Vincent Lim Division | P3: PayNow | Q3: 98894508 | T3: https://drive.google.com/open?id=1UtyQVf1rOM6IbuGhpaaX88Kyc97qjzOq | U3: 46142 | W3: Approved | X3: Active
A4: EN0003 | B4: 46167.986 | C4: Jennifer Rk (Uma Devi Raja Krishnan) | D4: Jennifer Rk | E4: 87422156 | F4: uma.devi.jennifer@gmail.com | G4: S7703318A | H4: 28154 | I4: Sales Consultant | J4: EN0002 | K4: Lim Xiong | L4: - | M4: - | N4: Lim Xiong | O4: Vincent Lim Division | P4: PayNow | Q4: 87422156 | T4: https://drive.google.com/open?id=1yVcPH36befd07zcPy71V3SSgeDEZOVvZ | U4: 46148 | W4: Approved | X4: Active
A5: EN0004 | B5: 46167.99 | C5: Lee Jong Seng | D5: John Lee | E5: 97323288 | F5: johnlee@mobilebellator.com | G5: S6807723J | H5: 24888 | I5: Sales Consultant | J5: EN0002 | K5: Lim Xiong | L5: - | M5: - | N5: Lim Xiong | O5: Vincent Lim Division | P5: PayNow | Q5: 97323288 | T5: https://drive.google.com/open?id=1Njsr48-VqLMGg3vsgu3iPKc74cXN8MvU | U5: 46153 | W5: Approved | X5: Active
A6: EN0005 | B6: 46167.993 | C6: Lim Wai Lee | E6: 82001390 | F6: limwailee8200@gmail.com | G6: S7013454C | H6: 28972 | I6: Sales Consultant | J6: EN0002 | K6: Lim Xiong | L6: - | M6: - | N6: Lim Xiong | O6: Vincent Lim Division | P6: PayNow | Q6: 82001390 | T6: https://drive.google.com/open?id=1KDRY9oN7sPlD1dAYkllIJ5Uo49IUKI0p | U6: 46144 | W6: Approved | X6: Active
A7: EN0006 | B7: 46167.994 | C7: Yan Bai Xiang | E7: 87685469 | F7: alexsyanbaixiang@gmail.com | G7: S9019702I | H7: 33028 | I7: Sales Consultant | J7: EN0002 | K7: Lim Xiong | L7: - | M7: - | N7: Lim Xiong | O7: Vincent Lim Division | P7: PayNow | Q7: 87685469 | T7: https://drive.google.com/open?id=1HL0OgE2vh2y7OJd7pGOzK2QFJosdWQls | U7: 46155 | W7: Pending | X7: Inactive
A8: EN0007 | B8: 46167.996 | C8: Koo Hok Kian | D8: Frances Koo | E8: 92221890 | F8: franceskoohk@gmail.com | G8: S6910693E | H8: 25292 | I8: Sales Manager | J8: EN0001 | K8: Sylvia Lee Chee Wei | L8: - | M8: - | N8: Sylvia Lee Chee Wei | O8: Sylvia Lee Division | P8: PayNow | Q8: 92221890 | T8: https://drive.google.com/open?id=12DDMBPrqauU9VdkodY6Gvrz-tc82IGh0 | U8: 46156 | W8: Approved | X8: Active

Sheet Contacts Export
A1: Associate ID | B1: Associate Full Name | C1: Designation | D1: Email | E1: Mobile Number | F1: Date of Birth | G1: Associate Status
A2: =IFERROR(__xludf.DUMMYFUNCTION("FILTER( { 'Associate Master'!A2:A1000, 'Associate Master'!C2:C1000, 'Associate Master'!I2:I1000, 'Associate Master'!F2:F1000, 'Associate Master'!E2:E1000, 'Associate Master'!H2:H1000, 'Associate Master'!X2:X1000 }, ('Associate Master'!W2:W1000=""Approved"&""")* (('Associate Master'!X2:X1000=""Active"")+('Associate Master'!X2:X1000=""Terminated"")) )"),"EN0001") -> EN0001 | B2: =IFERROR(__xludf.DUMMYFUNCTION("""COMPUTED_VALUE"""),"Sylvia Lee Chee Wei") -> Sylvia Lee Chee Wei | C2: =IFERROR(__xludf.DUMMYFUNCTION("""COMPUTED_VALUE"""),"Sales Director") -> Sales Director | D2: =IFERROR(__xludf.DUMMYFUNCTION("""COMPUTED_VALUE"""),"sylvia.lee.cx@gmail.com") -> sylvia.lee.cx@gmail.com | E2: =IFERROR(__xludf.DUMMYFUNCTION("""COMPUTED_VALUE"""),9.6671881E7) -> 96671881 | F2: =IFERROR(__xludf.DUMMYFUNCTION("""COMPUTED_VALUE"""),23159.0) -> 23159 | G2: =IFERROR(__xludf.DUMMYFUNCTION("""COMPUTED_VALUE"""),"Active") -> Active
A3: =IFERROR(__xludf.DUMMYFUNCTION("""COMPUTED_VALUE"""),"EN0002") -> EN0002 | B3: =IFERROR(__xludf.DUMMYFUNCTION("""COMPUTED_VALUE"""),"Lim Xiong") -> Lim Xiong | C3: =IFERROR(__xludf.DUMMYFUNCTION("""COMPUTED_VALUE"""),"Sales Director") -> Sales Director | D3: =IFERROR(__xludf.DUMMYFUNCTION("""COMPUTED_VALUE"""),"petafterlifesg@gmail.com") -> petafterlifesg@gmail.com | E3: =IFERROR(__xludf.DUMMYFUNCTION("""COMPUTED_VALUE"""),9.8894508E7) -> 98894508 | F3: =IFERROR(__xludf.DUMMYFUNCTION("""COMPUTED_VALUE"""),29387.0) -> 29387 | G3: =IFERROR(__xludf.DUMMYFUNCTION("""COMPUTED_VALUE"""),"Active") -> Active
A4: =IFERROR(__xludf.DUMMYFUNCTION("""COMPUTED_VALUE"""),"EN0003") -> EN0003 | B4: =IFERROR(__xludf.DUMMYFUNCTION("""COMPUTED_VALUE"""),"Jennifer Rk (Uma Devi Raja Krishnan)") -> Jennifer Rk (Uma Devi Raja Krishnan) | C4: =IFERROR(__xludf.DUMMYFUNCTION("""COMPUTED_VALUE"""),"Sales Consultant") -> Sales Consultant | D4: =IFERROR(__xludf.DUMMYFUNCTION("""COMPUTED_VALUE"""),"uma.devi.jennifer@gmail.com") -> uma.devi.jennifer@gmail.com | E4: =IFERROR(__xludf.DUMMYFUNCTION("""COMPUTED_VALUE"""),8.7422156E7) -> 87422156 | F4: =IFERROR(__xludf.DUMMYFUNCTION("""COMPUTED_VALUE"""),28154.0) -> 28154 | G4: =IFERROR(__xludf.DUMMYFUNCTION("""COMPUTED_VALUE"""),"Active") -> Active
A5: =IFERROR(__xludf.DUMMYFUNCTION("""COMPUTED_VALUE"""),"EN0004") -> EN0004 | B5: =IFERROR(__xludf.DUMMYFUNCTION("""COMPUTED_VALUE"""),"Lee Jong Seng") -> Lee Jong Seng | C5: =IFERROR(__xludf.DUMMYFUNCTION("""COMPUTED_VALUE"""),"Sales Consultant") -> Sales Consultant | D5: =IFERROR(__xludf.DUMMYFUNCTION("""COMPUTED_VALUE"""),"johnlee@mobilebellator.com") -> johnlee@mobilebellator.com | E5: =IFERROR(__xludf.DUMMYFUNCTION("""COMPUTED_VALUE"""),9.7323288E7) -> 97323288 | F5: =IFERROR(__xludf.DUMMYFUNCTION("""COMPUTED_VALUE"""),24888.0) -> 24888 | G5: =IFERROR(__xludf.DUMMYFUNCTION("""COMPUTED_VALUE"""),"Active") -> Active
A6: =IFERROR(__xludf.DUMMYFUNCTION("""COMPUTED_VALUE"""),"EN0005") -> EN0005 | B6: =IFERROR(__xludf.DUMMYFUNCTION("""COMPUTED_VALUE"""),"Lim Wai Lee") -> Lim Wai Lee | C6: =IFERROR(__xludf.DUMMYFUNCTION("""COMPUTED_VALUE"""),"Sales Consultant") -> Sales Consultant | D6: =IFERROR(__xludf.DUMMYFUNCTION("""COMPUTED_VALUE"""),"limwailee8200@gmail.com") -> limwailee8200@gmail.com | E6: =IFERROR(__xludf.DUMMYFUNCTION("""COMPUTED_VALUE"""),8.200139E7) -> 82001390 | F6: =IFERROR(__xludf.DUMMYFUNCTION("""COMPUTED_VALUE"""),28972.0) -> 28972 | G6: =IFERROR(__xludf.DUMMYFUNCTION("""COMPUTED_VALUE"""),"Active") -> Active
A7: =IFERROR(__xludf.DUMMYFUNCTION("""COMPUTED_VALUE"""),"EN0007") -> EN0007 | B7: =IFERROR(__xludf.DUMMYFUNCTION("""COMPUTED_VALUE"""),"Koo Hok Kian") -> Koo Hok Kian | C7: =IFERROR(__xludf.DUMMYFUNCTION("""COMPUTED_VALUE"""),"Sales Manager") -> Sales Manager | D7: =IFERROR(__xludf.DUMMYFUNCTION("""COMPUTED_VALUE"""),"franceskoohk@gmail.com") -> franceskoohk@gmail.com | E7: =IFERROR(__xludf.DUMMYFUNCTION("""COMPUTED_VALUE"""),9.222189E7) -> 92221890 | F7: =IFERROR(__xludf.DUMMYFUNCTION("""COMPUTED_VALUE"""),25292.0) -> 25292 | G7: =IFERROR(__xludf.DUMMYFUNCTION("""COMPUTED_VALUE"""),"Active") -> Active

Sheet Commission Structure
A1: Product Code | B1: Product Name | C1: Product Category | D1: Commission Type | E1: Closing Comm | F1: Company Cut | G1: Direct Upline Override | H1: Direct Upline Override | I1: Company Retained | J1: Active Status | K1: Remarks

Sheet Sales Transactions

Sheet Commission Ledger

Sheet Monthly Payout

Sheet Archive
